username,password,firstname,lastname,email
user1,Password1.,firstname1,lastname1,user1@localhost.com
user2,Password2.,firstname2,lastname2,user2@localhost.com
user3,Password3.,firstname3,lastname3,user3@localhost.com
user4,Password4.,firstname4,lastname4,user4@localhost.com
user5,Password5.,firstname5,lastname5,user5@localhost.com
user6,Password6.,firstname6,lastname6,user6@localhost.com
user7,Password7.,firstname7,lastname7,user7@localhost.com
user8,Password8.,firstname8,lastname8,user8@localhost.com
user9,Password9.,firstname9,lastname9,user9@localhost.com
user10,Password10.,firstname10,lastname10,user10@localhost.com
user11,Password11.,firstname11,lastname11,user11@localhost.com
user12,Password12.,firstname12,lastname12,user12@localhost.com
user13,Password13.,firstname13,lastname13,user13@localhost.com
user14,Password14.,firstname14,lastname14,user14@localhost.com
user15,Password15.,firstname15,lastname15,user15@localhost.com
user16,Password16.,firstname16,lastname16,user16@localhost.com
user17,Password17.,firstname17,lastname17,user17@localhost.com
user18,Password18.,firstname18,lastname18,user18@localhost.com
user19,Password19.,firstname19,lastname19,user19@localhost.com
user20,Password20.,firstname20,lastname20,user20@localhost.com
user21,Password21.,firstname21,lastname21,user21@localhost.com
user22,Password22.,firstname22,lastname22,user22@localhost.com
user23,Password23.,firstname23,lastname23,user23@localhost.com
user24,Password24.,firstname24,lastname24,user24@localhost.com
user25,Password25.,firstname25,lastname25,user25@localhost.com
user26,Password26.,firstname26,lastname26,user26@localhost.com
user27,Password27.,firstname27,lastname27,user27@localhost.com
user28,Password28.,firstname28,lastname28,user28@localhost.com
user29,Password29.,firstname29,lastname29,user29@localhost.com
user30,Password30.,firstname30,lastname30,user30@localhost.com